{
	"Farm/Default": {
		"Region": "Farm",
		"X": 48,
		"Y": 7,
		"Condition": null
	},
	"Forest/MarnieRanch": {
		"Region": "Forest",
		"X": 90,
		"Y": 16,
		"Condition": "PLAYER_HAS_MET Current Marnie"
	},
	"Forest/WizardTower": {
		"Region": "Forest",
		"X": 5,
		"Y": 29,
		"Condition": "PLAYER_HAS_MET Current Wizard"
	},
	"Forest/LeahCottage": {
		"Region": "Forest",
		"X": 104,
		"Y": 33,
		"Condition": "PLAYER_HAS_MET Current Leah"
	},
	"Forest/AbandonedHouse": {
		"Region": "Forest",
		"X": 34,
		"Y": 97,
		"Condition": null
	},
	"Forest/SewerPipe": {
		"Region": "Forest",
		"X": 94,
		"Y": 101,
		"Condition": null
	},
	"Woods/Default": {
		"Region": "Woods",
		"X": 77,
		"Y": 29,
		"Condition": "PLAYER_HAS_MAIL Current beenToWoods"
	},
	"SecretWoods/Default": {
		"Region": "Woods",
		"X": 21,
		"Y": 15,
		"Condition": "PLAYER_HAS_MAIL Current beenToWoods"
	},
	"Town/TownSquare": {
		"Region": "Town",
		"X": 29,
		"Y": 67,
		"Condition": null
	},
	"Town/SamHouse": {
		"Region": "Town",
		"X": 10,
		"Y": 87,
		"Condition": null
	},
	"Town/HaleyHouse": {
		"Region": "Town",
		"X": 20,
		"Y": 90,
		"Condition": null
	},
	"Town/AlexHouse": {
		"Region": "Town",
		"X": 57,
		"Y": 65,
		"Condition": null
	},
	"Town/ManorHouse": {
		"Region": "Town",
		"X": 58,
		"Y": 88,
		"Condition": "PLAYER_HAS_MET Current Lewis"
	},
	"Town/Graveyard": {
		"Region": "Town",
		"X": 48,
		"Y": 90,
		"Condition": null
	},
	"Town/Sewer": {
		"Region": "Town",
		"X": 35,
		"Y": 99,
		"Condition": null
	},
	"Town/Blacksmith": {
		"Region": "Town",
		"X": 93,
		"Y": 82,
		"Condition": "PLAYER_HAS_MET Current Clint"
	},
	"Town/Museum": {
		"Region": "Town",
		"X": 103,
		"Y": 90,
		"Condition": null
	},
	"Town/CommunityCenter": {
		"Region": "Town",
		"X": 53,
		"Y": 22,
		"Condition": null
	},
	"Town/MovieTheater_JojaRoute": {
		"Region": "Town",
		"X": 53,
		"Y": 22,
		"Condition": null
	},
	"Town/Trailer": {
		"Region": "Town",
		"X": 69,
		"Y": 69,
		"Condition": null
	},
	"Town/PamHouse": {
		"Region": "Town",
		"X": 69,
		"Y": 69,
		"Condition": null
	},
	"Town/JojaMart": {
		"Region": "Town",
		"X": 96,
		"Y": 53,
		"Condition": null
	},
	"Town/JojaMart_Open": {
		"Region": "Town",
		"X": 96,
		"Y": 53,
		"Condition": null
	},
	"Town/JojaMart_Abandoned": {
		"Region": "Town",
		"X": 96,
		"Y": 53,
		"Condition": null
	},
	"Town/MovieTheater_CommunityCenterRoute": {
		"Region": "Town",
		"X": 96,
		"Y": 53,
		"Condition": null
	},
	"Town/PierreStore": {
		"Region": "Town",
		"X": 45,
		"Y": 57,
		"Condition": null
	},
	"Town/PierreStore_InitialHours": {
		"Region": "Town",
		"X": 45,
		"Y": 57,
		"Condition": null
	},
	"Town/PierreStore_ExtendedHours": {
		"Region": "Town",
		"X": 45,
		"Y": 57,
		"Condition": null
	},
	"Town/Hospital": {
		"Region": "Town",
		"X": 36,
		"Y": 57,
		"Condition": "PLAYER_HAS_MET Current Harvey"
	},
	"Town/Saloon": {
		"Region": "Town",
		"X": 43,
		"Y": 72,
		"Condition": "PLAYER_HAS_MET Current Gus"
	},
	"Mountain/Carpenter": {
		"Region": "Mountain",
		"X": 12,
		"Y": 27,
		"Condition": null
	},
	"Mountain/Tent": {
		"Region": "Mountain",
		"X": 26,
		"Y": 9,
		"Condition": "PLAYER_HAS_MET Current Linus"
	},
	"Mountain/Quarry": {
		"Region": "Mountain",
		"X": 105,
		"Y": 26,
		"Condition": "PLAYER_HAS_MAIL Host ccCraftsRoom"
	},
	"Mountain/AdventureGuild": {
		"Region": "Mountain",
		"X": 76,
		"Y": 10,
		"Condition": "DAYS_PLAYED 5"
	},
	"Mountain/Mines": {
		"Region": "Mine",
		"X": 18,
		"Y": 11,
		"Condition": "DAYS_PLAYED 5"
	},
	"Railroad/Spa": {
		"Region": "Railroad",
		"X": 10,
		"Y": 58,
		"Condition": "LOCATION_ACCESSIBLE Railroad"
	},
	"Railroad/Railroad": {
		"Region": "Railroad",
		"X": 35,
		"Y": 41,
		"Condition": "LOCATION_ACCESSIBLE Railroad"
	},
	"Beach/ElliottCabin": {
		"Region": "Beach",
		"X": 47,
		"Y": 11,
		"Condition": "PLAYER_HAS_MET Current Elliott"
	},
	"Beach/LonelyStone": {
		"Region": "Beach",
		"X": 11,
		"Y": 25,
		"Condition": null
	},
	"Beach/FishShop": {
		"Region": "Beach",
		"X": 32,
		"Y": 34,
		"Condition": "PLAYER_HAS_MET Current Willy"
	},
	"Beach/FishShop_DefaultHours": {
		"Region": "Beach",
		"X": 32,
		"Y": 34,
		"Condition": "PLAYER_HAS_MET Current Willy"
	},
	"Beach/FishShop_ExtendedHours": {
		"Region": "Beach",
		"X": 32,
		"Y": 34,
		"Condition": "PLAYER_HAS_MET Current Willy"
	},
	"BusStop/Default": {
		"Region": "BusStop",
		"X": 22,
		"Y": 11,
		"Condition": "PLAYER_HAS_MET Current Pam"
	},
	"Backwoods/Default": {
		"Region": "Backwoods",
		"X": 30,
		"Y": 13,
		"Condition": null
	},
	"Desert/Default": {
		"Region": "Desert",
		"X": 27,
		"Y": 23,
		"Condition": "PLAYER_HAS_MAIL Host ccVault"
	},
	"GingerIsland/Default": {
		"Region": "IslandSouth",
		"X": 22,
		"Y": 30,
		"Condition": "PLAYER_VISITED_LOCATION Current IslandSouth"
	},
	"West/QiWalnutRoom": {
		"Region": "IslandWest",
		"X": 20,
		"Y": 25,
		"Condition": "PLAYER_VISITED_LOCATION Current QiNutRoom"
	},
	"West/BirdieShack": {
		"Region": "IslandWest",
		"X": 20,
		"Y": 58,
		"Condition": "PLAYER_VISITED_LOCATION Current IslandWest"
	},
	"West/Shipwreck": {
		"Region": "IslandWest",
		"X": 57,
		"Y": 92,
		"Condition": "PLAYER_VISITED_LOCATION Current CaptainRoom"
	},
	"West/TigerSlimeGrove": {
		"Region": "IslandWest",
		"X": 38,
		"Y": 29,
		"Condition": "PLAYER_VISITED_LOCATION Current IslandWest"
	},
	"West/House": {
		"Region": "IslandWest",
		"X": 76,
		"Y": 40,
		"Condition": "PLAYER_HAS_MAIL Host Island_UpgradeHouse"
	},
	"West/GourmandCave": {
		"Region": "IslandWest",
		"X": 97,
		"Y": 34,
		"Condition": "PLAYER_VISITED_LOCATION Current IslandFarmCave"
	},
	"South/Resort": {
		"Region": "IslandSouth",
		"X": 17,
		"Y": 24,
		"Condition": null
	},
	"South/Dock": {
		"Region": "IslandSouth",
		"X": 21,
		"Y": 44,
		"Condition": null
	},
	"SouthEast/PirateCove": {
		"Region": "IslandSouthEast",
		"X": 19,
		"Y": 24,
		"Condition": "PLAYER_HAS_VISITED Current IslandSouthEast"
	},
	"East/JungleHut": {
		"Region": "IslandEast",
		"X": 20,
		"Y": 30,
		"Condition": "PLAYER_VISITED_LOCATION Current IslandHut"
	},
	"North/DigSite": {
		"Region": "IslandNorth",
		"X": 13,
		"Y": 63,
		"Condition": "PLAYER_VISITED_LOCATION Current IslandNorth"
	},
	"North/Volcano": {
		"Region": "IslandNorth",
		"X": 40,
		"Y": 25,
		"Condition": null
	},
	"North/FieldOffice": {
		"Region": "IslandNorth",
		"X": 47,
		"Y": 47,
		"Condition": "PLAYER_VISITED_LOCATION Current IslandFieldOffice"
	},
	"North/Trader": {
		"Region": "IslandNorth",
		"X": 36,
		"Y": 73,
		"Condition": "PLAYER_HAS_MAIL Host Island_UpgradeTrader"
	},
	"FlashShifter.StardewValleyExpandedCP_TownMap_SophiasHouse/FlashShifter.StardewValleyExpandedCP_Town_SophiasHouse": {
		"Region": "Custom_BlueMoonVineyard",
		"X": 28,
		"Y": 40,
		"Condition": null
	},
	"FlashShifter.StardewValleyExpandedCP_TownMap_EmeraldFarm/FlashShifter.StardewValleyExpandedCP_Town_EmeraldFarm": {
		"Region": "Railroad",
		"X": 38,
		"Y": 52,
		"Condition": null
	},
	"FlashShifter.StardewValleyExpandedCP_TownMap_Bluemoon/FlashShifter.StardewValleyExpandedCP_Town_Bluemoon": {
		"Region": "Custom_BlueMoonVineyard",
		"X": 28,
		"Y": 40,
		"Condition": null
	},
	"FlashShifter.StardewValleyExpandedCP_TownMap_Andys/FlashShifter.StardewValleyExpandedCP_Town_Andys": {
		"Region": "Forest",
		"X": 68,
		"Y": 73,
		"Condition": null
	},
	"FlashShifter.StardewValleyExpandedCP_TownMap_Fairhaven/FlashShifter.StardewValleyExpandedCP_Town_Fairhaven": {
		"Region": "Forest",
		"X": 68,
		"Y": 73,
		"Condition": null
	},
	"FlashShifter.StardewValleyExpandedCP_TownMap_ShearwaterBridge/FlashShifter.StardewValleyExpandedCP_Town_ShearwaterBridge": {
		"Region": "Custom_ShearwaterBridge",
		"X": 30,
		"Y": 22,
		"Condition": null
	},
	"FlashShifter.StardewValleyExpandedCP_TownMap_OldCommunityGarden/FlashShifter.StardewValleyExpandedCP_Town_OldCommunityGarden": {
		"Region": "Custom_Garden",
		"X": 22,
		"Y": 27,
		"Condition": null
	},
	"FlashShifter.StardewValleyExpandedCP_TownMap_JenkinsResidence/FlashShifter.StardewValleyExpandedCP_Town_JenkinsResidence": {
		"Region": "Town",
		"X": 59,
		"Y": 53,
		"Condition": null
	},
	"Custom_IridiumQuarry/Custom_IridiumQuarry": {
		"Region": "Custom_CrimsonBadlands",
		"X": 3,
		"Y": 80,
		"Condition": null
	},
	"Custom_CastleVillageOutpost/Custom_CastleVillageOutpost": {
		"Region": "Custom_CastleVillageOutpost",
		"X": 31,
		"Y": 28,
		"Condition": null
	},
	"Custom_TreasureCave/Custom_TreasureCave": {
		"Region": "Custom_TreasureCave",
		"X": 10,
		"Y": 14,
		"Condition": "PLAYER_HAS_VISITED Current Custom_TreasureCave"
	},
	"Custom_CastleVillageEntrance/Custom_CastleVillageEntrance": {
		"Region": "Custom_CrimsonBadlands",
		"X": 228,
		"Y": 84,
		"Condition": null
	},
	"Custom_DesertRailway/Custom_DesertRailway": {
		"Region": "Custom_CrimsonBadlands",
		"X": 228,
		"Y": 84,
		"Condition": "PLAYERT_HAS_VISITED Current Custom_CrimsonBadlands"
	},
	"Custom_HighlandsOutpost/Custom_HighlandsOutpost": {
		"Region": "Custom_Highlands",
		"X": 129,
		"Y": 114,
		"Condition": null
	},
	"Custom_HighlandsDock/Custom_HighlandsDock": {
		"Region": "Custom_Highlands",
		"X": 129,
		"Y": 143,
		"Condition": null
	},
	"Custom_HighlandsCavernPrison/Custom_HighlandsCavernPrison": {
		"Region": "Custom_Highlands",
		"X": 50,
		"Y": 38,
		"Condition": "PLAYER_HAS_VISITED Current Custom_HighlandsCavern"
	},
	"Custom/AdventureGuild": {
		"Region": "Custom_AdventurerSummit",
		"X": 32,
		"Y": 22,
		"Condition": "DAYS_PLAYED 5"
	},
	"Custom_Ivy_OrnithologistsGuild/Custom_Ivy_OrnithologistsGuild": {
		"Region": "Forest",
		"X": 10,
		"Y": 59,
		"Condition": null
	},
	"Custom_SchoolHouse/Custom_SchoolHouse": {
		"Region": "Town",
		"X": 8,
		"Y": 12,
		"Condition": null
	},
  "ScarpCrossing/ScarpCrossing": {
    "Region": "EastScarp_ClearingHouse",
    "X": 23,
    "Y": 20,
    "Condition": null
  },
  "ScarpCrossing/JessieHouse": {
    "Region": "EastScarp_ClearingHouse",
    "X": 24,
    "Y": 9,
    "Condition": null
  },
  "ScarpCrossing/JessieCottage": {
    "Region": "EastScarp_ClearingHouse",
    "X": 43,
    "Y": 31,
    "Condition": null
  },
  "MainScarp/Tidepools": {
    "Region": "EastScarp_Village",
    "X": 47,
    "Y": 111,
    "Condition": null
  },
  "MainScarp/Lighthouse": {
    "Region": "EastScarp_Village",
    "X": 71,
    "Y": 119,
    "Condition": null
  },
  "CherryOrchard/SmugglerShack": {
    "Region": "EastScarp_Orchard",
    "X": 18,
    "Y": 65,
    "Condition": null
  },
  "MainScarp/PlumFarm": {
    "Region": "EastScarp_Village",
    "X": 74,
    "Y": 49,
    "Condition": null
  },
  "MainScarp/ScarpeInn": {
    "Region": "EastScarp_Village",
    "X": 42,
    "Y": 66,
    "Condition": null
  },
  "MainScarp/AideenHouse": {
    "Region": "EastScarp_Village",
    "X": 16,
    "Y": 49,
    "Condition": null
  },
  "MainScarp/ToriHouse": {
    "Region": "EastScarp_Village",
    "X": 4,
    "Y": 62,
    "Condition": null
  },
  "MainScarp/VetHouse": {
    "Region": "EastScarp_Village",
    "X": 14,
    "Y": 25,
    "Condition": null
  },
  "MainScarp/JacobBarn": {
    "Region": "EastScarp_Village",
    "X": 14,
    "Y": 12,
    "Condition": null
  },
  "MainScarp/Silo": {
    "Region": "EastScarp_Village",
    "X": 88,
    "Y": 32,
    "Condition": null
  },
  "MainScarp/ScarpePond": {
    "Region": "EastScarp_Village",
    "X": 26,
    "Y": 70,
    "Condition": null
  },
  "MainScarp/Underscarp": {
    "Region": "EastScarp_Village",
    "X": 44,
    "Y": 86,
    "Condition": null
  },
  "AbandonedMine/OrchardHouse": {
    "Region": "EastScarp_MineEntrance",
    "X": 22,
    "Y": 10,
    "Condition": null
  },
  "CherryOrchard/OrchardHouse": {
    "Region": "EastScarp_Orchard",
    "X": 4,
    "Y": 18,
    "Condition": null
  },
  "Custom_LK_ClearingHouse/Custom_LK_ClearingHouse": {
    "Region": null,
    "X": 0,
    "Y": 0,
    "Condition": null
  },
  "sdvhead.LawAndOrderSV_Jail/sdvhead.LawAndOrderSV_Jail": {
    "Region": null,
    "X": 0,
    "Y": 0,
    "Condition": null
  },
  "SunberryForest/ReiHouse": {
    "Region": "Custom_SBV_SunberryForest",
    "X": 54,
    "Y": 13,
    "Condition": null
  },
  "SunberryForest/AlchemistHouse": {
    "Region": "Custom_SBV_SunberryForest",
    "X": 48,
    "Y": 29,
    "Condition": null
  },
  "SunberryForest/ThyHouse": {
    "Region": "Custom_SBV_SunberryForest",
    "X": 41,
    "Y": 8,
    "Condition": null
  },
  "SunberryVillage/RipleyHouse": {
    "Region": "Custom_SBV_SunberryVillage",
    "X": 8,
    "Y": 89,
    "Condition": null
  },
  "SunberryVillage/WrenHouse": {
    "Region": "Custom_SBV_SunberryVillage",
    "X": 12,
    "Y": 62,
    "Condition": null
  },
  "SunberryVillage/DaoHouse": {
    "Region": "Custom_SBV_SunberryVillage",
    "X": 37,
    "Y": 67,
    "Condition": null
  },
  "SunberryVillage/MaiaHouse": {
    "Region": "Custom_SBV_SunberryVillage",
    "X": 31,
    "Y": 49,
    "Condition": null
  },
  "SunberryVillage/CooperHouse": {
    "Region": "Custom_SBV_SunberryVillage",
    "X": 12,
    "Y": 45,
    "Condition": null
  },
  "SunberryVillage/YriHouse": {
    "Region": "Custom_SBV_SunberryVillage",
    "X": 63,
    "Y": 59,
    "Condition": null
  },
  "SunberryVillage/SaturdayHangout": {
    "Region": "Custom_SBV_SunberryVillage",
    "X": 65,
    "Y": 86,
    "Condition": null
  },
  "SunberryVillage/DidoHouse": {
    "Region": "Custom_SBV_SunberryVillage",
    "X": 73,
    "Y": 90,
    "Condition": null
  },
  "SunberryVillage/EliasOldHouse": {
    "Region": "Custom_SBV_SunberryVillage",
    "X": 86,
    "Y": 92,
    "Condition": null
  },
  "SunberryVillage/JonghyukHouse": {
    "Region": "Custom_SBV_SunberryVillage",
    "X": 86,
    "Y": 63,
    "Condition": null
  },
  "SunberryVillage/AriMarket": {
    "Region": "Custom_SBV_SunberryVillage",
    "X": 87,
    "Y": 50,
    "Condition": null
  },
  "SunberryVillage/SerenityInn": {
    "Region": "Custom_SBV_SunberryVillage",
    "X": 74,
    "Y": 32,
    "Condition": null
  },
  "SunberryVillage/DDCafe": {
    "Region": "Custom_SBV_SunberryVillage",
    "X": 50,
    "Y": 27,
    "Condition": null
  },
  "SunberryVillage/ImanHouse": {
    "Region": "Custom_SBV_SunberryVillage",
    "X": 38,
    "Y": 14,
    "Condition": null
  },
  "SunberryVillage/EzraClothes": {
    "Region": "Custom_SBV_SunberryVillage",
    "X": 49,
    "Y": 14,
    "Condition": null
  },
  "SunberryVillage/SunberryLibrary": {
    "Region": "Custom_SBV_SunberryVillage",
    "X": 73,
    "Y": 14,
    "Condition": null
  },
  "SunberryVillage/MiyoungHouse": {
    "Region": "Custom_SBV_SunberryVillage",
    "X": 94,
    "Y": 11,
    "Condition": null
  },
  "SunberryVillage_Mountain/ChrisDiner": {
    "Region": "Custom_SBV_SunberryMountain",
    "X": 28,
    "Y": 19,
    "Condition": null
  },
  "SunberryVillage_Mountain/SunberryMines": {
    "Region": "Custom_SBV_SunberryMountain",
    "X": 29,
    "Y": 27,
    "Condition": null
  },
  "SunberryVillage_Mountain/SilasBlacksmith": {
    "Region": "Custom_SBV_SunberryMountain",
    "X": 16,
    "Y": 23,
    "Condition": null
  },
  "SunberryVillage_Mountain/AbandonedHouseValli": {
    "Region": "Custom_SBV_SunberryMountain",
    "X": 8,
    "Y": 31,
    "Condition": null
  },
  "SunberryVillage/LaniHouse": {
    "Region": "Custom_SBV_SunberryVillage",
    "X": 65,
    "Y": 48,
    "Condition": null
  },
  "Custom_Ridgeside_RidgesideVillage/VillageOffice": {
    "Region": "Custom_Ridgeside_RidgesideVillage",
    "X": 114,
    "Y": 40,
    "Condition": null
  },
  "Custom_Ridgeside_RidgesideVillage/Kobayashi": {
    "Region": "Custom_Ridgeside_RidgesideVillage",
    "X": 130,
    "Y": 46,
    "Condition": null
  },
  "Custom_Ridgeside_RidgesideVillage/Yojeong": {
    "Region": "Custom_Ridgeside_RidgesideVillage",
    "X": 105,
    "Y": 63,
    "Condition": null
  },
  "Custom_Ridgeside_RidgesideVillage/Amethyne": {
    "Region": "Custom_Ridgeside_RidgesideVillage",
    "X": 130,
    "Y": 72,
    "Condition": null
  },
  "Custom_Ridgeside_RidgesideVillage/WaterResearch": {
    "Region": "Custom_Ridgeside_RidgesideVillage",
    "X": 118,
    "Y": 107,
    "Condition": null
  },
  "Custom_Ridgeside_RidgesideVillage/Lidens": {
    "Region": "Custom_Ridgeside_RidgesideVillage",
    "X": 77,
    "Y": 115,
    "Condition": null
  },
  "Custom_Ridgeside_RidgesideVillage/Nightingale": {
    "Region": "Custom_Ridgeside_RidgesideVillage",
    "X": 18,
    "Y": 98,
    "Condition": null
  },
  "Custom_Ridgeside_RidgesideVillage/Bladebane": {
    "Region": "Custom_Ridgeside_RidgesideVillage",
    "X": 14,
    "Y": 64,
    "Condition": null
  },
  "Custom_Ridgeside_RidgesideVillage/Rivera": {
    "Region": "Custom_Ridgeside_RidgesideVillage",
    "X": 77,
    "Y": 73,
    "Condition": null
  },
  "Custom_Ridgeside_RidgesideVillage/CommunityGreenhouse": {
    "Region": "Custom_Ridgeside_RidgesideVillage",
    "X": 95,
    "Y": 75,
    "Condition": null
  },
  "Custom_Ridgeside_RidgesideVillage/Akina": {
    "Region": "Custom_Ridgeside_RidgesideVillage",
    "X": 74,
    "Y": 59,
    "Condition": null
  },
  "Custom_Ridgeside_RidgesideVillage/LolaShed": {
    "Region": "Custom_Ridgeside_RidgesideVillage",
    "X": 8,
    "Y": 48,
    "Condition": null
  },
  "Custom_Ridgeside_RidgesideVillage/BloomingHillFarmChickenCoop": {
    "Region": "Custom_Ridgeside_RidgesideVillage",
    "X": 31,
    "Y": 38,
    "Condition": null
  },
  "Custom_Ridgeside_RidgesideVillage/BloomingHillFarm": {
    "Region": "Custom_Ridgeside_RidgesideVillage",
    "X": 22,
    "Y": 23,
    "Condition": null
  },
  "Custom_Ridgeside_RidgesideVillage/Starbound": {
    "Region": "Custom_Ridgeside_RidgesideVillage",
    "X": 74,
    "Y": 37,
    "Condition": null
  },
  "Custom_Ridgeside_RidgesideVillage/Pikas": {
    "Region": "Custom_Ridgeside_RidgesideVillage",
    "X": 94,
    "Y": 40,
    "Condition": null
  },
  "Custom_Ridgeside_RidgesideVillage/Clinic": {
    "Region": "Custom_Ridgeside_RidgesideVillage",
    "X": 135,
    "Y": 37,
    "Condition": null
  },
  "Custom_Ridgeside_RidgesideVillage/OddJobs": {
    "Region": "Custom_Ridgeside_RidgesideVillage",
    "X": 132,
    "Y": 23,
    "Condition": null
  },
  "Custom_Ridgeside_RidgesideVillage/LogCabinHotel": {
    "Region": "Custom_Ridgeside_RidgesideVillage",
    "X": 114,
    "Y": 23,
    "Condition": null
  },
  "Custom_Ridgeside_RidgesideVillage/Pickens": {
    "Region": "Custom_Ridgeside_RidgesideVillage",
    "X": 90,
    "Y": 28,
    "Condition": null
  },
  "Custom_Ridgeside_RidgesideVillage/Daniels": {
    "Region": "Custom_Ridgeside_RidgesideVillage",
    "X": 84,
    "Y": 19,
    "Condition": null
  },
  "Custom_Ridgeside_RidgesideVillage/Heaps": {
    "Region": "Custom_Ridgeside_RidgesideVillage",
    "X": 75,
    "Y": 19,
    "Condition": null
  },
  "Custom_Ridgeside_Ridge/Ridge": {
    "Region": "Custom_Ridgeside_Ridge",
    "X": 18,
    "Y": 12,
    "Condition": null
  },
  "Custom_Ridgeside_Ridge/RidgeForest": {
    "Region": "Custom_Ridgeside_Ridge",
    "X": 32,
    "Y": 1,
    "Condition": null
  },
  "Custom_Ridgeside_RidgeFalls/RidgeFalls": {
    "Region": "Custom_Ridgeside_RidgeFalls",
    "X": 39,
    "Y": 22,
    "Condition": null
  },
  "Custom_Ridgeside_RSVCliff/CableCar": {
    "Region": "Custom_Ridgeside_RSVCliff",
    "X": 39,
    "Y": 18,
    "Condition": null
  },
  "Custom_Ridgeside_RSVCliff/Electrician": {
    "Region": "Custom_Ridgeside_RSVCliff",
    "X": 47,
    "Y": 32,
    "Condition": null
  },
  "Custom_Ridgeside_RSVTheHike/AbandonedHouse": {
    "Region": "Custom_Ridgeside_RSVTheHike",
    "X": 60,
    "Y": 43,
    "Condition": null
  },
  "Custom_Ridgeside_RSVTheHike/Hike": {
    "Region": "Custom_Ridgeside_RSVTheHike",
    "X": 43,
    "Y": 28,
    "Condition": null
  }
}