{
	"Farm/Default": {
		"Region": "Farm",
		"X": 48,
		"Y": 7,
		"Condition": null
	},
	"Forest/MarnieRanch": {
		"Region": "Forest",
		"X": 90,
		"Y": 16,
		"Condition": "PLAYER_HAS_MET Current Marnie"
	},
	"Forest/WizardTower": {
		"Region": "Forest",
		"X": 5,
		"Y": 29,
		"Condition": "PLAYER_HAS_MET Current Wizard"
	},
	"Forest/LeahCottage": {
		"Region": "Forest",
		"X": 104,
		"Y": 33,
		"Condition": "PLAYER_HAS_MET Current Leah"
	},
	"Forest/AbandonedHouse": {
		"Region": "Forest",
		"X": 34,
		"Y": 97,
		"Condition": null
	},
	"Forest/SewerPipe": {
		"Region": "Forest",
		"X": 94,
		"Y": 101,
		"Condition": null
	},
	"SecretWoods/Default": {
		"Region": "SecretWoods",
		"X": 21,
		"Y": 15,
		"Condition": "PLAYER_HAS_MAIL Current beenToWoods"
	},
	"Town/TownSquare": {
		"Region": "Town",
		"X": 29,
		"Y": 67,
		"Condition": null
	},
	"Town/SamHouse": {
		"Region": "Town",
		"X": 10,
		"Y": 87,
		"Condition": null
	},
	"Town/HaleyHouse": {
		"Region": "Town",
		"X": 20,
		"Y": 90,
		"Condition": null
	},
	"Town/AlexHouse": {
		"Region": "Town",
		"X": 57,
		"Y": 65,
		"Condition": null
	},
	"Town/ManorHouse": {
		"Region": "Town",
		"X": 58,
		"Y": 88,
		"Condition": "PLAYER_HAS_MET Current Lewis"
	},
	"Town/Graveyard": {
		"Region": "Town",
		"X": 48,
		"Y": 90,
		"Condition": null
	},
	"Town/Sewer": {
		"Region": "Town",
		"X": 35,
		"Y": 99,
		"Condition": null
	},
	"Town/Blacksmith": {
		"Region": "Town",
		"X": 93,
		"Y": 82,
		"Condition": "PLAYER_HAS_MET Current Clint"
	},
	"Town/Museum": {
		"Region": "Town",
		"X": 103,
		"Y": 90,
		"Condition": null
	},
	"Town/CommunityCenter": {
		"Region": "Town",
		"X": 53,
		"Y": 22,
		"Condition": null
	},
	"Town/Trailer": {
		"Region": "Town",
		"X": 69,
		"Y": 69,
		"Condition": null
	},
	"Town/JojaMart": {
		"Region": "Town",
		"X": 92,
		"Y": 51,
		"Condition": null
	},
	"Town/PierreStore": {
		"Region": "Town",
		"X": 45,
		"Y": 57,
		"Condition": null
	},
	"Town/Saloon": {
		"Region": "Town",
		"X": 43,
		"Y": 72,
		"Condition": "PLAYER_HAS_MET Current Gus"
	},
	"Mountain/Carpenter": {
		"Region": "Mountain",
		"X": 12,
		"Y": 27,
		"Condition": null
	},
	"Mountain/Tent": {
		"Region": "Mountain",
		"X": 26,
		"Y": 9,
		"Condition": "PLAYER_HAS_MET Current Linus"
	},
	"Mountain/Quarry": {
		"Region": "Mountain",
		"X": 105,
		"Y": 26,
		"Condition": "PLAYER_HAS_MAIL Host ccCraftsRoom"
	},
	"Mountain/AdventureGuild": {
		"Region": "Mountain",
		"X": 76,
		"Y": 10,
		"Condition": "DAYS_PLAYED 5"
	},
	"Mountain/Mines": {
		"Region": "Mountain",
		"X": 54,
		"Y": 7,
		"Condition": "DAYS_PLAYED 5"
	},
	"Railroad/Spa": {
		"Region": "Railroad",
		"X": 10,
		"Y": 58,
		"Condition": "LOCATION_ACCESSIBLE Railroad"
	},
	"Railroad/Railroad": {
		"Region": "Railroad",
		"X": 35,
		"Y": 41,
		"Condition": "LOCATION_ACCESSIBLE Railroad"
	},
	"Beach/ElliottCabin": {
		"Region": "Beach",
		"X": 47,
		"Y": 11,
		"Condition": "PLAYER_HAS_MET Current Elliott"
	},
	"Beach/LonelyStone": {
		"Region": "Beach",
		"X": 11,
		"Y": 25,
		"Condition": null
	},
	"Beach/FishShop": {
		"Region": "Beach",
		"X": 32,
		"Y": 34,
		"Condition": "PLAYER_HAS_MET Current Willy"
	},
	"BusStop/Default": {
		"Region": "BusStop",
		"X": 22,
		"Y": 11,
		"Condition": "PLAYER_HAS_MET Current Pam"
	},
	"Backwoods/Default": {
		"Region": "Backwoods",
		"X": 30,
		"Y": 13,
		"Condition": null
	},
	"Desert/Default": {
		"Region": "Desert",
		"X": 27,
		"Y": 23,
		"Condition": "PLAYER_HAS_MAIL Host ccVault"
	},
	"GingerIsland/Default": {
		"Region": "IslandSouth",
		"X": 22,
		"Y": 30,
		"Condition": "PLAYER_VISITED_LOCATION Current IslandSouth"
	},
	"West/QiWalnutRoom": {
		"Region": "IslandWest",
		"X": 20,
		"Y": 25,
		"Condition": "PLAYER_VISITED_LOCATION Current QiNutRoom"
	},
	"West/BirdieShack": {
		"Region": "IslandWest",
		"X": 20,
		"Y": 58,
		"Condition": "PLAYER_VISITED_LOCATION Current IslandWest"
	},
	"West/Shipwreck": {
		"Region": "IslandWest",
		"X": 57,
		"Y": 92,
		"Condition": "PLAYER_VISITED_LOCATION Current CaptainRoom"
	},
	"West/TigerSlimeGrove": {
		"Region": "IslandWest",
		"X": 38,
		"Y": 29,
		"Condition": "PLAYER_VISITED_LOCATION Current IslandWest"
	},
	"West/House": {
		"Region": "IslandWest",
		"X": 76,
		"Y": 40,
		"Condition": "PLAYER_HAS_MAIL Host Island_UpgradeHouse"
	},
	"West/GourmandCave": {
		"Region": "IslandWest",
		"X": 97,
		"Y": 34,
		"Condition": "PLAYER_VISITED_LOCATION Current IslandFarmCave"
	},
	"South/Resort": {
		"Region": "IslandSouth",
		"X": 17,
		"Y": 24,
		"Condition": null
	},
	"South/Dock": {
		"Region": "IslandSouth",
		"X": 21,
		"Y": 44,
		"Condition": null
	},
	"SouthEast/PirateCove": {
		"Region": "IslandSouthEast",
		"X": 19,
		"Y": 24,
		"Condition": "PLAYER_HAS_VISITED Current IslandSouthEast"
	},
	"East/JungleHut": {
		"Region": "IslandEast",
		"X": 20,
		"Y": 30,
		"Condition": "PLAYER_VISITED_LOCATION Current IslandHut"
	},
	"North/DigSite": {
		"Region": "IslandNorth",
		"X": 13,
		"Y": 63,
		"Condition": "PLAYER_VISITED_LOCATION Current IslandNorth"
	},
	"North/Volcano": {
		"Region": "IslandNorth",
		"X": 40,
		"Y": 25,
		"Condition": null
	},
	"North/FieldOffice": {
		"Region": "IslandNorth",
		"X": 47,
		"Y": 47,
		"Condition": "PLAYER_VISITED_LOCATION Current IslandFieldOffice"
	},
	"North/Trader": {
		"Region": "IslandNorth",
		"X": 36,
		"Y": 73,
		"Condition": "PLAYER_HAS_MAIL Host Island_UpgradeTrader"
	}
}