{
  "Format": "2.0.0",
  "Changes": [
	{
	"Action": "EditImage",
	"Target": "Buildings/Shipping Bin",
	"FromFile": "assets/shipping_bin.png",
	},
	{
	"Action": "EditImage",
	"Target": "{{season}}_outdoorsTileSheet",
	"FromFile": "assets/{{season}}_bin.png",
	"ToArea": { "X": 192, "Y": 224, "Width": 32, "Height": 32 },
	},
	{
	"Action": "EditImage",
	"Target": "Maps/island_tileSheet_1",
	"FromFile": "assets/summer_bin.png",
	"ToArea": { "X": 192, "Y": 720, "Width": 32, "Height": 32 },
	},

	{
	"Action": "EditImage",
	"Target": "Maps/{{season}}_outdoorsTileSheet, Maps/{{season}}_outdoorsTileSheet.es-ES, Maps/{{season}}_outdoorsTileSheet.fr-FR, Maps/{{season}}_outdoorsTileSheet.hu-HU, Maps/{{season}}_outdoorsTileSheet.it-IT, Maps/{{season}}_outdoorsTileSheet.ja-JP, Maps/{{season}}_outdoorsTileSheet.ko-KR, Maps/{{season}}_outdoorsTileSheet.pt-BR, Maps/{{season}}_outdoorsTileSheet.tr-TR, Maps/{{season}}_outdoorsTileSheet.zh-CN",
	"FromFile": "assets/{{season}}_bin.png",
	"ToArea": { "X": 192, "Y": 224, "Width": 32, "Height": 32 },
	},

	{
	"Action": "EditImage",
	"PatchMode": "Overlay",
	"Target": "LooseSprites/Cursors, LooseSprites/Cursors.de-DE, LooseSprites/Cursors.es-ES, LooseSprites/Cursors.fr-FR, LooseSprites/Cursors.hu-HU, LooseSprites/Cursors.it-IT, LooseSprites/Cursors.ja-JP, LooseSprites/Cursors.ko-KR, LooseSprites/Cursors.pt-BR, LooseSprites/Cursors.ru-RU, LooseSprites/Cursors.tr-TR, LooseSprites/Cursors.zh-CN",
	"FromFile": "assets/Lid.png",
	"ToArea": { "X": 134, "Y": 226, "Width": 390, "Height": 25 },
	},
	
	{
	"Action": "EditImage",
	"PatchMode": "Overlay",
	"Target": "LooseSprites/Cursors, LooseSprites/Cursors.de-DE, LooseSprites/Cursors.es-ES, LooseSprites/Cursors.fr-FR, LooseSprites/Cursors.hu-HU, LooseSprites/Cursors.it-IT, LooseSprites/Cursors.ja-JP, LooseSprites/Cursors.ko-KR, LooseSprites/Cursors.pt-BR, LooseSprites/Cursors.ru-RU, LooseSprites/Cursors.tr-TR, LooseSprites/Cursors.zh-CN",
	"FromFile": "assets/open_bin.png",
	"ToArea": { "X": 526, "Y": 218, "Width": 100, "Height": 22 },
	}
   ]

}