{
  "DefaultBaseChance": 0.2,
  "BeforeAll": [
    {
      "IgnoreBaseChance": true,
      "IsMegaSuccess": false,
      "IsDoubleMegaSuccess": true,
      "AddToInventoryDirectly": true,
      "CreateMultipleDebris": false,
      "Condition": "PLAYER_STAT Current trashCansChecked 20, RANDOM .002",
      "Id": "Base_GarbageHat",
      "ItemId": "(H)66",
      "RandomItemId": null,
      "MaxItems": null,
      "MinStack": -1,
      "MaxStack": -1,
      "Quality": -1,
      "ObjectInternalName": null,
      "ObjectDisplayName": null,
      "ToolUpgradeLevel": -1,
      "IsRecipe": false,
      "StackModifiers": null,
      "StackModifierMode": "Stack",
      "QualityModifiers": null,
      "QualityModifierMode": "Stack",
      "ModData": null,
      "PerItemCondition": null
    },
    {
      "IgnoreBaseChance": true,
      "IsMegaSuccess": false,
      "IsDoubleMegaSuccess": true,
      "AddToInventoryDirectly": false,
      "CreateMultipleDebris": false,
      "Condition": "PLAYER_STAT Current trashCansChecked 50, RANDOM .002",
      "Id": "Base_TrashCatalogue",
      "ItemId": "(F)TrashCatalogue",
      "RandomItemId": null,
      "MaxItems": null,
      "MinStack": -1,
      "MaxStack": -1,
      "Quality": -1,
      "ObjectInternalName": null,
      "ObjectDisplayName": null,
      "ToolUpgradeLevel": -1,
      "IsRecipe": false,
      "StackModifiers": null,
      "StackModifierMode": "Stack",
      "QualityModifiers": null,
      "QualityModifierMode": "Stack",
      "ModData": null,
      "PerItemCondition": null
    },
    {
      "IgnoreBaseChance": false,
      "IsMegaSuccess": false,
      "IsDoubleMegaSuccess": false,
      "AddToInventoryDirectly": false,
      "CreateMultipleDebris": false,
      "Condition": "PLAYER_SPECIAL_ORDER_RULE_ACTIVE Current DROP_QI_BEANS, RANDOM 0.25",
      "Id": "Base_QiBean",
      "ItemId": "(O)890",
      "RandomItemId": null,
      "MaxItems": null,
      "MinStack": -1,
      "MaxStack": -1,
      "Quality": -1,
      "ObjectInternalName": null,
      "ObjectDisplayName": null,
      "ToolUpgradeLevel": -1,
      "IsRecipe": false,
      "StackModifiers": null,
      "StackModifierMode": "Stack",
      "QualityModifiers": null,
      "QualityModifierMode": "Stack",
      "ModData": null,
      "PerItemCondition": null
    }
  ],
  "AfterAll": [
    {
      "IgnoreBaseChance": true,
      "IsMegaSuccess": true,
      "IsDoubleMegaSuccess": false,
      "AddToInventoryDirectly": false,
      "CreateMultipleDebris": false,
      "Condition": "PLAYER_STAT Current trashCansChecked 20, RANDOM .01",
      "Id": "Base_MegaSuccessFallback",
      "ItemId": null,
      "RandomItemId": [
        "(O)153",
        "(O)216",
        "(O)403",
        "(O)309",
        "(O)310",
        "(O)311",
        "RANDOM_BASE_SEASON_ITEM"
      ],
      "MaxItems": null,
      "MinStack": -1,
      "MaxStack": -1,
      "Quality": -1,
      "ObjectInternalName": null,
      "ObjectDisplayName": null,
      "ToolUpgradeLevel": -1,
      "IsRecipe": false,
      "StackModifiers": null,
      "StackModifierMode": "Stack",
      "QualityModifiers": null,
      "QualityModifierMode": "Stack",
      "ModData": null,
      "PerItemCondition": null
    },
    {
      "IgnoreBaseChance": false,
      "IsMegaSuccess": false,
      "IsDoubleMegaSuccess": false,
      "AddToInventoryDirectly": false,
      "CreateMultipleDebris": false,
      "Condition": null,
      "Id": "Base_Fallback",
      "ItemId": null,
      "RandomItemId": [
        "(O)153",
        "(O)216",
        "(O)403",
        "(O)309",
        "(O)310",
        "(O)311",
        "RANDOM_BASE_SEASON_ITEM",
        "(O)168",
        "(O)167",
        "(O)170",
        "(O)171",
        "(O)172"
      ],
      "MaxItems": null,
      "MinStack": -1,
      "MaxStack": -1,
      "Quality": -1,
      "ObjectInternalName": null,
      "ObjectDisplayName": null,
      "ToolUpgradeLevel": -1,
      "IsRecipe": false,
      "StackModifiers": null,
      "StackModifierMode": "Stack",
      "QualityModifiers": null,
      "QualityModifierMode": "Stack",
      "ModData": null,
      "PerItemCondition": null
    }
  ],
  "GarbageCans": {
    "Blacksmith": {
      "BaseChance": -1.0,
      "Items": [
        {
          "IgnoreBaseChance": false,
          "IsMegaSuccess": false,
          "IsDoubleMegaSuccess": false,
          "AddToInventoryDirectly": false,
          "CreateMultipleDebris": false,
          "Condition": "RANDOM 0.2 @addDailyLuck",
          "Id": "Base_Ore",
          "ItemId": null,
          "RandomItemId": [
            "(O)378",
            "(O)380",
            "(O)382"
          ],
          "MaxItems": null,
          "MinStack": -1,
          "MaxStack": -1,
          "Quality": -1,
          "ObjectInternalName": null,
          "ObjectDisplayName": null,
          "ToolUpgradeLevel": -1,
          "IsRecipe": false,
          "StackModifiers": [
            {
              "Id": "DefaultMultiplier",
              "Condition": null,
              "Modification": "Multiply",
              "Amount": 0.0,
              "RandomAmount": [
                1.0,
                2.0,
                3.0,
                4.0
              ]
            }
          ],
          "StackModifierMode": "Stack",
          "QualityModifiers": null,
          "QualityModifierMode": "Stack",
          "ModData": null,
          "PerItemCondition": null
        }
      ],
      "CustomFields": null
    },
    "EmilyAndHaley": {
      "BaseChance": -1.0,
      "Items": [
        {
          "IgnoreBaseChance": true,
          "IsMegaSuccess": false,
          "IsDoubleMegaSuccess": true,
          "AddToInventoryDirectly": true,
          "CreateMultipleDebris": false,
          "Condition": "SEASON_DAY summer 7, RANDOM .05 @addDailyLuck",
          "Id": "Base_ChickenMask",
          "ItemId": "(H)10",
          "RandomItemId": null,
          "MaxItems": null,
          "MinStack": -1,
          "MaxStack": -1,
          "Quality": -1,
          "ObjectInternalName": null,
          "ObjectDisplayName": null,
          "ToolUpgradeLevel": -1,
          "IsRecipe": false,
          "StackModifiers": null,
          "StackModifierMode": "Stack",
          "QualityModifiers": null,
          "QualityModifierMode": "Stack",
          "ModData": null,
          "PerItemCondition": null
        }
      ],
      "CustomFields": null
    },
    "Evelyn": {
      "BaseChance": -1.0,
      "Items": [
        {
          "IgnoreBaseChance": false,
          "IsMegaSuccess": false,
          "IsDoubleMegaSuccess": false,
          "AddToInventoryDirectly": false,
          "CreateMultipleDebris": false,
          "Condition": "RANDOM 0.2 @addDailyLuck",
          "Id": "Base_Cookie",
          "ItemId": "(O)223",
          "RandomItemId": null,
          "MaxItems": null,
          "MinStack": -1,
          "MaxStack": -1,
          "Quality": -1,
          "ObjectInternalName": null,
          "ObjectDisplayName": null,
          "ToolUpgradeLevel": -1,
          "IsRecipe": false,
          "StackModifiers": null,
          "StackModifierMode": "Stack",
          "QualityModifiers": null,
          "QualityModifierMode": "Stack",
          "ModData": null,
          "PerItemCondition": null
        }
      ],
      "CustomFields": null
    },
    "JodiAndKent": {
      "BaseChance": -1.0,
      "Items": [
        {
          "IgnoreBaseChance": false,
          "IsMegaSuccess": false,
          "IsDoubleMegaSuccess": false,
          "AddToInventoryDirectly": false,
          "CreateMultipleDebris": false,
          "Condition": "MINE_LOWEST_LEVEL_REACHED 100, PLAYER_HEARTS Current Kent 2, RANDOM 0.4 @addDailyLuck",
          "Id": "Base_Ore",
          "ItemId": "(O)288",
          "RandomItemId": null,
          "MaxItems": null,
          "MinStack": -1,
          "MaxStack": -1,
          "Quality": -1,
          "ObjectInternalName": null,
          "ObjectDisplayName": null,
          "ToolUpgradeLevel": -1,
          "IsRecipe": false,
          "StackModifiers": [
            {
              "Id": "DefaultMultiplier",
              "Condition": null,
              "Modification": "Multiply",
              "Amount": 0.0,
              "RandomAmount": [
                1.0,
                2.0,
                3.0,
                4.0
              ]
            }
          ],
          "StackModifierMode": "Stack",
          "QualityModifiers": null,
          "QualityModifierMode": "Stack",
          "ModData": null,
          "PerItemCondition": null
        }
      ],
      "CustomFields": null
    },
    "JojaMart": {
      "BaseChance": -1.0,
      "Items": [
        {
          "IgnoreBaseChance": false,
          "IsMegaSuccess": false,
          "IsDoubleMegaSuccess": false,
          "AddToInventoryDirectly": false,
          "CreateMultipleDebris": false,
          "Condition": "SYNCED_RANDOM day garbage_joja 0.2, PLAYER_HAS_MAIL Host ccMovieTheater, !PLAYER_HAS_MAIL Host ccMovieTheaterJoja",
          "Id": "Base_MovieTicketOrCorn",
          "ItemId": null,
          "RandomItemId": [
            "(O)809",
            "(O)270",
            "(O)270",
            "(O)270"
          ],
          "MaxItems": null,
          "MinStack": -1,
          "MaxStack": -1,
          "Quality": -1,
          "ObjectInternalName": null,
          "ObjectDisplayName": null,
          "ToolUpgradeLevel": -1,
          "IsRecipe": false,
          "StackModifiers": null,
          "StackModifierMode": "Stack",
          "QualityModifiers": null,
          "QualityModifierMode": "Stack",
          "ModData": null,
          "PerItemCondition": null
        },
        {
          "IgnoreBaseChance": false,
          "IsMegaSuccess": false,
          "IsDoubleMegaSuccess": false,
          "AddToInventoryDirectly": false,
          "CreateMultipleDebris": false,
          "Condition": "SYNCED_RANDOM day garbage_joja 0.2, !PLAYER_HAS_SEEN_EVENT Any 191393",
          "Id": "Base_JojaCola",
          "ItemId": "(O)167",
          "RandomItemId": null,
          "MaxItems": null,
          "MinStack": -1,
          "MaxStack": -1,
          "Quality": -1,
          "ObjectInternalName": null,
          "ObjectDisplayName": null,
          "ToolUpgradeLevel": -1,
          "IsRecipe": false,
          "StackModifiers": null,
          "StackModifierMode": "Stack",
          "QualityModifiers": null,
          "QualityModifierMode": "Stack",
          "ModData": null,
          "PerItemCondition": null
        }
      ],
      "CustomFields": null
    },
    "Mayor": {
      "BaseChance": -1.0,
      "Items": [],
      "CustomFields": null
    },
    "Museum": {
      "BaseChance": -1.0,
      "Items": [
        {
          "IgnoreBaseChance": false,
          "IsMegaSuccess": false,
          "IsDoubleMegaSuccess": false,
          "AddToInventoryDirectly": false,
          "CreateMultipleDebris": false,
          "Condition": "SYNCED_RANDOM day garbage_museum_535 0.2 @addDailyLuck, SYNCED_RANDOM day garbage_museum_749 0.05",
          "Id": "Base_OmniGeode",
          "ItemId": "(O)749",
          "RandomItemId": null,
          "MaxItems": null,
          "MinStack": -1,
          "MaxStack": -1,
          "Quality": -1,
          "ObjectInternalName": null,
          "ObjectDisplayName": null,
          "ToolUpgradeLevel": -1,
          "IsRecipe": false,
          "StackModifiers": null,
          "StackModifierMode": "Stack",
          "QualityModifiers": null,
          "QualityModifierMode": "Stack",
          "ModData": null,
          "PerItemCondition": null
        },
        {
          "IgnoreBaseChance": false,
          "IsMegaSuccess": false,
          "IsDoubleMegaSuccess": false,
          "AddToInventoryDirectly": false,
          "CreateMultipleDebris": false,
          "Condition": "SYNCED_RANDOM day garbage_museum_535 0.2 @addDailyLuck",
          "Id": "Base_Geode",
          "ItemId": "(O)535",
          "RandomItemId": null,
          "MaxItems": null,
          "MinStack": -1,
          "MaxStack": -1,
          "Quality": -1,
          "ObjectInternalName": null,
          "ObjectDisplayName": null,
          "ToolUpgradeLevel": -1,
          "IsRecipe": false,
          "StackModifiers": null,
          "StackModifierMode": "Stack",
          "QualityModifiers": null,
          "QualityModifierMode": "Stack",
          "ModData": null,
          "PerItemCondition": null
        }
      ],
      "CustomFields": null
    },
    "Saloon": {
      "BaseChance": -1.0,
      "Items": [
        {
          "IgnoreBaseChance": false,
          "IsMegaSuccess": false,
          "IsDoubleMegaSuccess": false,
          "AddToInventoryDirectly": false,
          "CreateMultipleDebris": false,
          "Condition": "SYNCED_RANDOM day garbage_saloon_dish 0.2 @addDailyLuck",
          "Id": "Base_DishOfTheDay",
          "ItemId": "DISH_OF_THE_DAY",
          "RandomItemId": null,
          "MaxItems": null,
          "MinStack": -1,
          "MaxStack": -1,
          "Quality": -1,
          "ObjectInternalName": null,
          "ObjectDisplayName": null,
          "ToolUpgradeLevel": -1,
          "IsRecipe": false,
          "StackModifiers": null,
          "StackModifierMode": "Stack",
          "QualityModifiers": null,
          "QualityModifierMode": "Stack",
          "ModData": null,
          "PerItemCondition": null
        }
      ],
      "CustomFields": null
    },
    "DesertFestival": {
      "BaseChance": -1.0,
      "Items": [
        {
          "IgnoreBaseChance": true,
          "IsMegaSuccess": false,
          "IsDoubleMegaSuccess": false,
          "AddToInventoryDirectly": false,
          "CreateMultipleDebris": true,
          "Condition": null,
          "Id": "CalicoEggs",
          "ItemId": "(O)CalicoEgg",
          "RandomItemId": null,
          "MaxItems": null,
          "MinStack": 5,
          "MaxStack": 8,
          "Quality": -1,
          "ObjectInternalName": null,
          "ObjectDisplayName": null,
          "ToolUpgradeLevel": -1,
          "IsRecipe": false,
          "StackModifiers": null,
          "StackModifierMode": "Stack",
          "QualityModifiers": null,
          "QualityModifierMode": "Stack",
          "ModData": null,
          "PerItemCondition": null
        }
      ],
      "CustomFields": null
    }
  }
}